{"cameraMode":{"drawMode":0,"name":"Shaded","section":"Shading Mode"},"sceneLighting":false,"audioPlay":false,"sceneViewState":{"showFog":true,"showMaterialUpdate":false,"showSkybox":true,"showFlares":true,"showImageEffects":true,"showParticleSystems":true},"in2DMode":false,"pivot":{"x":1.3667750358581544,"y":1.0350145101547242,"z":-11.32542610168457},"rotation":{"x":-0.23354607820510865,"y":-0.12993033230304719,"z":0.031492769718170169,"w":-0.9631108641624451},"size":36.433170318603519,"orthographic":false}