{"cameraMode":{"drawMode":0,"name":"Shaded","section":"Shading Mode"},"sceneLighting":false,"audioPlay":false,"sceneViewState":{"showFog":true,"showMaterialUpdate":false,"showSkybox":true,"showFlares":true,"showImageEffects":true,"showParticleSystems":true},"in2DMode":false,"pivot":{"x":7.572429180145264,"y":0.928464412689209,"z":-1.376967430114746},"rotation":{"x":0.08684872835874558,"y":0.12014956772327423,"z":0.010553578846156598,"w":-0.9888933300971985},"size":6.294726371765137,"orthographic":false}