{"cameraMode":{"drawMode":0,"name":"Shaded","section":"Shading Mode"},"sceneLighting":false,"audioPlay":false,"sceneViewState":{"showFog":true,"showMaterialUpdate":false,"showSkybox":true,"showFlares":true,"showImageEffects":true,"showParticleSystems":true},"in2DMode":false,"pivot":{"x":-0.879999041557312,"y":1.399999976158142,"z":-6.182999610900879},"rotation":{"x":-0.3516455292701721,"y":-0.13497114181518556,"z":0.05131392553448677,"w":-0.9249297976493836},"size":0.572838306427002,"orthographic":false}