{"cameraMode":{"drawMode":0,"name":"Shaded","section":"Shading Mode"},"sceneLighting":false,"audioPlay":false,"sceneViewState":{"showFog":true,"showMaterialUpdate":false,"showSkybox":true,"showFlares":true,"showImageEffects":true,"showParticleSystems":true},"in2DMode":false,"pivot":{"x":-8.596993446350098,"y":0.8832737803459168,"z":-6.969070911407471},"rotation":{"x":0.0799812451004982,"y":0.4964863359928131,"z":-0.046001844108104709,"w":0.8631269335746765},"size":4.74108362197876,"orthographic":false}