{"cameraMode":{"drawMode":0,"name":"Shaded","section":"Shading Mode"},"sceneLighting":false,"audioPlay":false,"sceneViewState":{"showFog":true,"showMaterialUpdate":false,"showSkybox":true,"showFlares":true,"showImageEffects":true,"showParticleSystems":true},"in2DMode":false,"pivot":{"x":0.0,"y":0.7471733093261719,"z":0.13018560409545899},"rotation":{"x":0.06822719424962998,"y":0.9070378541946411,"z":-0.16167773306369782,"w":0.38273724913597109},"size":7.6067891120910648,"orthographic":false}