{"cameraMode":{"drawMode":0,"name":"Shaded","section":"Shading Mode"},"sceneLighting":false,"audioPlay":false,"sceneViewState":{"showFog":true,"showMaterialUpdate":false,"showSkybox":true,"showFlares":true,"showImageEffects":true,"showParticleSystems":true},"in2DMode":false,"pivot":{"x":3.5762786865234377e-7,"y":1.4647808074951172,"z":3.5762786865234377e-7},"rotation":{"x":0.18369027972221375,"y":-0.20618857443332673,"z":0.03944041207432747,"w":0.9603065252304077},"size":3.707024574279785,"orthographic":true}