{"cameraMode":{"drawMode":0,"name":"Shaded","section":"Shading Mode"},"sceneLighting":false,"audioPlay":false,"sceneViewState":{"showFog":true,"showMaterialUpdate":false,"showSkybox":true,"showFlares":true,"showImageEffects":true,"showParticleSystems":true},"in2DMode":false,"pivot":{"x":-1.6468888521194459,"y":0.8715331554412842,"z":1.8140864372253419},"rotation":{"x":-0.06892680376768112,"y":0.02304522506892681,"z":-0.0015929078217595816,"w":-0.99735426902771},"size":4.853418827056885,"orthographic":false}