{"cameraMode":{"drawMode":0,"name":"Shaded","section":"Shading Mode"},"sceneLighting":false,"audioPlay":false,"sceneViewState":{"showFog":true,"showMaterialUpdate":false,"showSkybox":true,"showFlares":true,"showImageEffects":true,"showParticleSystems":true},"in2DMode":false,"pivot":{"x":-0.2256341278553009,"y":1.829276442527771,"z":0.1411287784576416},"rotation":{"x":-0.15324659645557404,"y":0.023713266476988794,"z":-0.0036816722713410856,"w":-0.9878965616226196},"size":4.098847389221191,"orthographic":false}