{"cameraMode":{"drawMode":0,"name":"Shaded","section":"Shading Mode"},"sceneLighting":false,"audioPlay":false,"sceneViewState":{"showFog":true,"showMaterialUpdate":false,"showSkybox":true,"showFlares":true,"showImageEffects":true,"showParticleSystems":true},"in2DMode":false,"pivot":{"x":-2.7872889041900636,"y":1.0600537061691285,"z":3.5399999618530275},"rotation":{"x":-0.08887660503387451,"y":-0.33471763134002688,"z":0.031696468591690066,"w":-0.93758225440979},"size":4.340288162231445,"orthographic":false}