{"cameraMode":{"drawMode":0,"name":"Shaded","section":"Shading Mode"},"sceneLighting":false,"audioPlay":false,"sceneViewState":{"showFog":true,"showMaterialUpdate":false,"showSkybox":true,"showFlares":true,"showImageEffects":true,"showParticleSystems":true},"in2DMode":false,"pivot":{"x":0.0,"y":1.2913321256637574,"z":0.13655900955200196},"rotation":{"x":0.13346686959266663,"y":0.8540184497833252,"z":-0.26782822608947756,"w":0.4255669414997101},"size":10.268924713134766,"orthographic":false}