{"cameraMode":{"drawMode":0,"name":"Shaded","section":"Shading Mode"},"sceneLighting":false,"audioPlay":false,"sceneViewState":{"showFog":true,"showMaterialUpdate":false,"showSkybox":true,"showFlares":true,"showImageEffects":true,"showParticleSystems":true},"in2DMode":false,"pivot":{"x":-17.688066482543947,"y":1.4708600044250489,"z":3.7054262161254885},"rotation":{"x":0.1769033521413803,"y":0.025096090510487558,"z":-0.0045091439969837669,"w":0.9838979244232178},"size":1.5850021839141846,"orthographic":false}