{"cameraMode":{"drawMode":0,"name":"Shaded","section":"Shading Mode"},"sceneLighting":false,"audioPlay":false,"sceneViewState":{"showFog":true,"showMaterialUpdate":false,"showSkybox":true,"showFlares":true,"showImageEffects":true,"showParticleSystems":true},"in2DMode":false,"pivot":{"x":5.389999866485596,"y":0.8912328481674194,"z":6.010280609130859},"rotation":{"x":0.06586886197328568,"y":0.9226387739181519,"z":-0.1822267472743988,"w":0.333455353975296},"size":4.275146007537842,"orthographic":false}