{"cameraMode":{"drawMode":0,"name":"Shaded","section":"Shading Mode"},"sceneLighting":false,"audioPlay":false,"sceneViewState":{"showFog":true,"showMaterialUpdate":false,"showSkybox":true,"showFlares":true,"showImageEffects":true,"showParticleSystems":true},"in2DMode":false,"pivot":{"x":-7.152557373046875e-7,"y":0.9322209358215332,"z":-0.040124595165252689},"rotation":{"x":0.03944716975092888,"y":0.9579464197158814,"z":-0.23381701111793519,"w":0.16159245371818543},"size":4.923543453216553,"orthographic":false}