{"cameraMode":{"drawMode":0,"name":"Shaded","section":"Shading Mode"},"sceneLighting":false,"audioPlay":false,"sceneViewState":{"showFog":true,"showMaterialUpdate":false,"showSkybox":true,"showFlares":true,"showImageEffects":true,"showParticleSystems":true},"in2DMode":false,"pivot":{"x":1.1678087711334229,"y":1.0199346542358399,"z":1.7849639654159547},"rotation":{"x":0.11867357790470123,"y":0.46025350689888,"z":-0.062221426516771319,"w":0.8776171207427979},"size":2.277547836303711,"orthographic":false}