{"cameraMode":{"drawMode":0,"name":"Shaded","section":"Shading Mode"},"sceneLighting":false,"audioPlay":false,"sceneViewState":{"showFog":true,"showMaterialUpdate":false,"showSkybox":true,"showFlares":true,"showImageEffects":true,"showParticleSystems":true},"in2DMode":false,"pivot":{"x":0.49004650115966799,"y":0.587596595287323,"z":3.9039254188537599},"rotation":{"x":0.034188512712717059,"y":-0.5353886485099793,"z":0.02169712632894516,"w":0.8436346650123596},"size":2.6233456134796144,"orthographic":false}