{"cameraMode":{"drawMode":0,"name":"Shaded","section":"Shading Mode"},"sceneLighting":false,"audioPlay":false,"sceneViewState":{"showFog":true,"showMaterialUpdate":false,"showSkybox":true,"showFlares":true,"showImageEffects":true,"showParticleSystems":true},"in2DMode":false,"pivot":{"x":-1.1368142366409302,"y":6.270059585571289,"z":1.7869997024536133},"rotation":{"x":-0.1797073930501938,"y":-0.24984052777290345,"z":0.04724578559398651,"w":-0.9502909183502197},"size":3.045499324798584,"orthographic":false}