{"cameraMode":{"drawMode":0,"name":"Shaded","section":"Shading Mode"},"sceneLighting":false,"audioPlay":false,"sceneViewState":{"showFog":true,"showMaterialUpdate":false,"showSkybox":true,"showFlares":true,"showImageEffects":true,"showParticleSystems":true},"in2DMode":false,"pivot":{"x":-18.856000900268556,"y":1.2110425233840943,"z":-5.545263290405273},"rotation":{"x":0.001371874357573688,"y":-0.9635958075523377,"z":0.2673145830631256,"w":0.004921868909150362},"size":0.9411924481391907,"orthographic":false}