{"cameraMode":{"drawMode":0,"name":"Shaded","section":"Shading Mode"},"sceneLighting":false,"audioPlay":false,"sceneViewState":{"showFog":true,"showMaterialUpdate":false,"showSkybox":true,"showFlares":true,"showImageEffects":true,"showParticleSystems":true},"in2DMode":false,"pivot":{"x":-10.80457878112793,"y":-1.090322732925415,"z":-17.184585571289064},"rotation":{"x":0.023403890430927278,"y":0.9587514996528626,"z":-0.270921915769577,"w":0.08275985717773438},"size":6.327970504760742,"orthographic":false}