{"cameraMode":{"drawMode":0,"name":"Shaded","section":"Shading Mode"},"sceneLighting":false,"audioPlay":false,"sceneViewState":{"showFog":true,"showMaterialUpdate":false,"showSkybox":true,"showFlares":true,"showImageEffects":true,"showParticleSystems":true},"in2DMode":false,"pivot":{"x":0.0,"y":0.3333740830421448,"z":2.384185791015625e-7},"rotation":{"x":-0.10018570721149445,"y":-0.8829537034034729,"z":0.21972452104091645,"w":-0.4025876820087433},"size":2.393510580062866,"orthographic":false}