{"cameraMode":{"drawMode":0,"name":"Shaded","section":"Shading Mode"},"sceneLighting":false,"audioPlay":false,"sceneViewState":{"showFog":true,"showMaterialUpdate":false,"showSkybox":true,"showFlares":true,"showImageEffects":true,"showParticleSystems":true},"in2DMode":false,"pivot":{"x":-3.9317612648010256,"y":0.931492030620575,"z":1.4572861194610596},"rotation":{"x":-0.09506230056285858,"y":-0.8097670674324036,"z":0.1368381381034851,"w":-0.5625974535942078},"size":5.122243881225586,"orthographic":false}