{"cameraMode":{"drawMode":0,"name":"Shaded","section":"Shading Mode"},"sceneLighting":false,"audioPlay":false,"sceneViewState":{"showFog":true,"showMaterialUpdate":false,"showSkybox":true,"showFlares":true,"showImageEffects":true,"showParticleSystems":true},"in2DMode":false,"pivot":{"x":2.986999988555908,"y":0.3864395022392273,"z":2.410006284713745},"rotation":{"x":0.16673608124256135,"y":-0.42506903409957888,"z":0.07998710125684738,"w":0.88606858253479},"size":1.4305180311203004,"orthographic":false}