{"cameraMode":{"drawMode":0,"name":"Shaded","section":"Shading Mode"},"sceneLighting":false,"audioPlay":false,"sceneViewState":{"showFog":true,"showMaterialUpdate":false,"showSkybox":true,"showFlares":true,"showImageEffects":true,"showParticleSystems":true},"in2DMode":false,"pivot":{"x":1.7328779697418213,"y":0.47495949268341067,"z":4.078378200531006},"rotation":{"x":0.13891063630580903,"y":-0.7403445839881897,"z":0.1612846404314041,"w":0.6376371383666992},"size":2.301652431488037,"orthographic":false}