{"cameraMode":{"drawMode":0,"name":"Shaded","section":"Shading Mode"},"sceneLighting":false,"audioPlay":false,"sceneViewState":{"showFog":true,"showMaterialUpdate":false,"showSkybox":true,"showFlares":true,"showImageEffects":true,"showParticleSystems":true},"in2DMode":false,"pivot":{"x":2.1454551219940187,"y":1.9147635698318482,"z":4.566910743713379},"rotation":{"x":-0.06892680376768112,"y":0.02304522506892681,"z":-0.0015929078217595816,"w":-0.99735426902771},"size":0.7966610789299011,"orthographic":false}