{"cameraMode":{"drawMode":0,"name":"Shaded","section":"Shading Mode"},"sceneLighting":false,"audioPlay":false,"sceneViewState":{"showFog":true,"showMaterialUpdate":false,"showSkybox":true,"showFlares":true,"showImageEffects":true,"showParticleSystems":true},"in2DMode":false,"pivot":{"x":-2.6689999103546144,"y":-0.0006140000186860561,"z":3.6659998893737795},"rotation":{"x":-0.017372136935591699,"y":0.9082167148590088,"z":-0.41641852259635928,"w":-0.0378987155854702},"size":8.319877624511719,"orthographic":false}