{"cameraMode":{"drawMode":0,"name":"Shaded","section":"Shading Mode"},"sceneLighting":false,"audioPlay":false,"sceneViewState":{"showFog":true,"showMaterialUpdate":false,"showSkybox":true,"showFlares":true,"showImageEffects":true,"showParticleSystems":true},"in2DMode":false,"pivot":{"x":-14.651037216186524,"y":0.42100897431373598,"z":5.0113348960876469},"rotation":{"x":0.14162075519561768,"y":0.30436456203460696,"z":-0.04580014571547508,"w":0.9408550262451172},"size":1.1239662170410157,"orthographic":false}