{"cameraMode":{"drawMode":0,"name":"Shaded","section":"Shading Mode"},"sceneLighting":false,"audioPlay":false,"sceneViewState":{"showFog":true,"showMaterialUpdate":false,"showSkybox":true,"showFlares":true,"showImageEffects":true,"showParticleSystems":true},"in2DMode":false,"pivot":{"x":-0.009115457534790039,"y":0.6179006099700928,"z":0.7615959644317627},"rotation":{"x":0.14162075519561768,"y":0.30436456203460696,"z":-0.04580014571547508,"w":0.9408550262451172},"size":2.9653573036193849,"orthographic":false}