{"cameraMode":{"drawMode":0,"name":"Shaded","section":"Shading Mode"},"sceneLighting":false,"audioPlay":false,"sceneViewState":{"showFog":true,"showMaterialUpdate":false,"showSkybox":true,"showFlares":true,"showImageEffects":true,"showParticleSystems":true},"in2DMode":false,"pivot":{"x":4.360201358795166,"y":0.44664108753204348,"z":5.5611090660095219},"rotation":{"x":-0.07237445563077927,"y":-0.32083770632743838,"z":0.024559063836932184,"w":-0.9440456032752991},"size":0.7966617941856384,"orthographic":false}