{"cameraMode":{"drawMode":0,"name":"Shaded","section":"Shading Mode"},"sceneLighting":false,"audioPlay":false,"sceneViewState":{"showFog":true,"showMaterialUpdate":false,"showSkybox":true,"showFlares":true,"showImageEffects":true,"showParticleSystems":true},"in2DMode":false,"pivot":{"x":-34.21992111206055,"y":2.3795900344848635,"z":-23.13699722290039},"rotation":{"x":0.1645556390285492,"y":0.08274967223405838,"z":-0.013850804418325425,"w":0.9827930331230164},"size":234.6034698486328,"orthographic":false}