{"cameraMode":{"drawMode":0,"name":"Shaded","section":"Shading Mode"},"sceneLighting":false,"audioPlay":false,"sceneViewState":{"showFog":true,"showMaterialUpdate":false,"showSkybox":true,"showFlares":true,"showImageEffects":true,"showParticleSystems":true},"in2DMode":false,"pivot":{"x":0.00000762939453125,"y":0.9630603194236755,"z":0.004099845886230469},"rotation":{"x":0.15492461621761323,"y":0.699834406375885,"z":-0.15973225235939027,"w":0.6787604689598084},"size":4.303055763244629,"orthographic":false}