{"cameraMode":{"drawMode":0,"name":"Shaded","section":"Shading Mode"},"sceneLighting":false,"audioPlay":false,"sceneViewState":{"showFog":true,"showMaterialUpdate":false,"showSkybox":true,"showFlares":true,"showImageEffects":true,"showParticleSystems":true},"in2DMode":false,"pivot":{"x":-1.059999942779541,"y":0.8887401819229126,"z":3.089716672897339},"rotation":{"x":-0.02760620228946209,"y":0.9678567051887512,"z":-0.12259779125452042,"w":-0.21785588562488557},"size":2.0882771015167238,"orthographic":false}