{"cameraMode":{"drawMode":0,"name":"Shaded","section":"Shading Mode"},"sceneLighting":false,"audioPlay":false,"sceneViewState":{"showFog":true,"showMaterialUpdate":false,"showSkybox":true,"showFlares":true,"showImageEffects":true,"showParticleSystems":true},"in2DMode":false,"pivot":{"x":0.6918357014656067,"y":0.5636997222900391,"z":5.263983249664307},"rotation":{"x":-0.12662430107593537,"y":-0.4656648337841034,"z":0.0675228163599968,"w":-0.8732486963272095},"size":2.4523186683654787,"orthographic":false}