{"cameraMode":{"drawMode":0,"name":"Shaded","section":"Shading Mode"},"sceneLighting":false,"audioPlay":false,"sceneViewState":{"showFog":true,"showMaterialUpdate":false,"showSkybox":true,"showFlares":true,"showImageEffects":true,"showParticleSystems":true},"in2DMode":false,"pivot":{"x":0.0,"y":0.8612141013145447,"z":0.11981987953186035},"rotation":{"x":0.01806783676147461,"y":0.9234133362770081,"z":-0.04380014166235924,"w":0.380871444940567},"size":6.702913761138916,"orthographic":false}