{"cameraMode":{"drawMode":0,"name":"Shaded","section":"Shading Mode"},"sceneLighting":false,"audioPlay":false,"sceneViewState":{"showFog":true,"showMaterialUpdate":false,"showSkybox":true,"showFlares":true,"showImageEffects":true,"showParticleSystems":true},"in2DMode":false,"pivot":{"x":-18.856000900268556,"y":1.1110104322433472,"z":-5.541042327880859},"rotation":{"x":0.0983319953083992,"y":-0.7002286911010742,"z":0.09832283854484558,"w":0.7002451419830322},"size":0.6214646100997925,"orthographic":false}