{"cameraMode":{"drawMode":0,"name":"Shaded","section":"Shading Mode"},"sceneLighting":false,"audioPlay":false,"sceneViewState":{"showFog":true,"showMaterialUpdate":false,"showSkybox":true,"showFlares":true,"showImageEffects":true,"showParticleSystems":true},"in2DMode":false,"pivot":{"x":-0.0000152587890625,"y":0.19463953375816346,"z":0.0008361339569091797},"rotation":{"x":0.23736341297626496,"y":0.3859100043773651,"z":-0.10342327505350113,"w":0.8854579925537109},"size":5.087737560272217,"orthographic":false}