{"cameraMode":{"drawMode":0,"name":"Shaded","section":"Shading Mode"},"sceneLighting":false,"audioPlay":false,"sceneViewState":{"showFog":true,"showMaterialUpdate":false,"showSkybox":true,"showFlares":true,"showImageEffects":true,"showParticleSystems":true},"in2DMode":false,"pivot":{"x":2.3939948081970217,"y":1.7940341234207154,"z":4.5212483406066898},"rotation":{"x":-0.06892680376768112,"y":0.02304522506892681,"z":-0.0015929078217595816,"w":-0.99735426902771},"size":0.6615831851959229,"orthographic":false}