{"cameraMode":{"drawMode":0,"name":"Shaded","section":"Shading Mode"},"sceneLighting":false,"audioPlay":false,"sceneViewState":{"showFog":true,"showMaterialUpdate":false,"showSkybox":true,"showFlares":true,"showImageEffects":true,"showParticleSystems":true},"in2DMode":false,"pivot":{"x":0.000003814697265625,"y":0.49126362800598147,"z":-0.0000057220458984375},"rotation":{"x":0.17309294641017915,"y":-0.4215809404850006,"z":0.08238819241523743,"w":0.8862960338592529},"size":3.071284055709839,"orthographic":false}