{"cameraMode":{"drawMode":0,"name":"Shaded","section":"Shading Mode"},"sceneLighting":false,"audioPlay":false,"sceneViewState":{"showFog":true,"showMaterialUpdate":false,"showSkybox":true,"showFlares":true,"showImageEffects":true,"showParticleSystems":true},"in2DMode":false,"pivot":{"x":-4.15771484375,"y":2.47186279296875,"z":3.7531628608703615},"rotation":{"x":0.1592406928539276,"y":-0.22729822993278504,"z":0.03775336593389511,"w":0.9599753618240356},"size":88.68563079833985,"orthographic":false}