{"cameraMode":{"drawMode":0,"name":"Shaded","section":"Shading Mode"},"sceneLighting":false,"audioPlay":false,"sceneViewState":{"showFog":true,"showMaterialUpdate":false,"showSkybox":true,"showFlares":true,"showImageEffects":true,"showParticleSystems":true},"in2DMode":false,"pivot":{"x":3.5762786865234377e-7,"y":0.8175204396247864,"z":0.15558528900146485},"rotation":{"x":0.11797836422920227,"y":0.8807560801506043,"z":-0.29813817143440249,"w":0.3485163152217865},"size":9.854055404663086,"orthographic":false}