{"cameraMode":{"drawMode":0,"name":"Shaded","section":"Shading Mode"},"sceneLighting":false,"audioPlay":false,"sceneViewState":{"showFog":true,"showMaterialUpdate":false,"showSkybox":true,"showFlares":true,"showImageEffects":true,"showParticleSystems":true},"in2DMode":false,"pivot":{"x":-33.16823196411133,"y":0.575446605682373,"z":-17.739105224609376},"rotation":{"x":-0.10791410505771637,"y":0.11787144839763642,"z":-0.012906746938824654,"w":-0.9870635271072388},"size":1.9972567558288575,"orthographic":false}