{"cameraMode":{"drawMode":0,"name":"Shaded","section":"Shading Mode"},"sceneLighting":false,"audioPlay":false,"sceneViewState":{"showFog":true,"showMaterialUpdate":false,"showSkybox":true,"showFlares":true,"showImageEffects":true,"showParticleSystems":true},"in2DMode":false,"pivot":{"x":-1.1919069290161133,"y":0.6998748779296875,"z":-24.972002029418947},"rotation":{"x":0.15802885591983796,"y":-0.8174244165420532,"z":0.26581624150276186,"w":0.48598968982696535},"size":42.48326110839844,"orthographic":false}