{"cameraMode":{"drawMode":0,"name":"Shaded","section":"Shading Mode"},"sceneLighting":false,"audioPlay":false,"sceneViewState":{"showFog":true,"showMaterialUpdate":false,"showSkybox":true,"showFlares":true,"showImageEffects":true,"showParticleSystems":true},"in2DMode":false,"pivot":{"x":-7.035922050476074,"y":-0.21503522992134095,"z":10.326215744018555},"rotation":{"x":0.13225069642066956,"y":0.2152557075023651,"z":-0.029386751353740693,"w":0.9671149253845215},"size":1.6943883895874024,"orthographic":false}